id,service,name,email,company,phone,website,message,created_at,updated_at
12,Email88,werwer,sdfsd@yahoo.com,Metrix,12345689,www.webqom.com,"I would like to know more about Email88 solutions. ","2017-09-11 03:07:43","2017-09-11 03:07:43"
32,"Responsive Web Design",abc,abcd@gmail.com,ooo,132,abc.ocm,"I would like to know more about Email88 solutions. ","2017-10-04 01:54:23","2017-10-04 01:54:23"
34,Email88,"ankit parmar",ankit@gmail12.com,"ankit idea infotech",8866770562,ankitparmar.com,"I would like to know more about Email88 solutions. ","2017-10-05 01:23:32","2017-10-05 01:23:32"
47,"web hosting",www,swsw@dsds.com,twetwetew,532543254254,www.wewew.com,rewqrqwre,"2019-03-16 23:17:49","2019-03-16 23:17:49"
48,"web hosting",www,swsw@dsds.com,twetwetew,532543254254,www.wewew.com,rewqrqwre,"2019-03-16 23:18:08","2019-03-16 23:18:08"
49,"vps hosting",rrerere,rewrw@ewew.com,fdsfdsafafd,42142143124321,www.rerere.com,43214214321431,"2019-03-16 23:41:27","2019-03-16 23:41:27"
50,domains,testavan,test@gmail.com,wad,79988,ssss,sssssss,"2019-04-05 05:37:47","2019-04-05 05:37:47"
51,"online marketing",Ashish,avan.csolution@gmail.com,Test,7986014801,test,"This is a test message from services/dedicated_servers page.","2019-04-05 05:42:52","2019-04-05 05:42:52"
52,"social media application",s,s@dd.cc,s,0,s,s,"2019-04-05 14:48:17","2019-04-05 14:48:17"
53,"e-commerce package",testashish,test@yahoo.in,test,78986546212,yysh.ccc,"This is test message from dedicated server page","2019-04-05 14:56:20","2019-04-05 14:56:20"
54,"e-commerce package",testashish,test@yahoo.in,test,78986546212,yysh.ccc,"This is test message from dedicated server page","2019-04-05 14:56:56","2019-04-05 14:56:56"
55,"online marketing",Ashish,ashish@gmail.com,test,785656265232,test.com,"This test message from contact page","2019-04-05 14:57:50","2019-04-05 14:57:50"
56,domains,ashish,ashish@yahoo.in,test.com,878784664465,test.com,"This is test message from dedicated page ignore it.","2019-04-05 14:58:44","2019-04-05 14:58:44"
57,"ssl certificates",dss,ds@ddd,ds1a,18954216620,ssd.ff,testt,"2019-04-07 05:00:33","2019-04-07 05:00:33"
58,"social media application",sss,sss@sss,ddd,785656265232,ddd.hhh,ssss,"2019-04-07 18:07:37","2019-04-07 18:07:37"
59,"social media application",sss,sss@sss,ddd,785656265232,ddd.hhh,ssss,"2019-04-07 18:10:08","2019-04-07 18:10:08"
60,"social media application",sss,sss@sss,ddd,785656265232,ddd.hhh,ssss,"2019-04-07 18:11:03","2019-04-07 18:11:03"
61,"social media application","test sat",shock@webqom.com,"thirteen april",1342019,dwdedwd,sssssssss,"2019-04-13 21:20:33","2019-04-13 21:20:33"
62,"web hosting",test,ttest@ggmail.com,test,9865321470,test.com,"This is test ","2019-04-14 01:03:57","2019-04-14 01:03:57"
64,"e-commerce package",gg,sss@ddd.com,ttess,7989565620,tes.com,"test message","2019-04-16 03:50:48","2019-04-16 03:54:07"
65,domains,Ashish,avan.csolution@gmail.com,test,7896325410,test.com,"This is a test quota from dedicated_server service page.","2019-04-17 03:33:34","2019-04-17 03:33:34"
66,domains,test,avan.csolution@gmail.com,test,7986014801,test.com,testt,"2019-05-17 13:37:41","2019-05-17 13:37:41"
67,"social media application","Christopher Ramcharran",test@gmai.com,chris,3474543107,test.com,"This is a12345 test message","2019-06-07 14:42:57","2019-06-11 15:24:21"
68,"social media application",Chris,chris@test.com,chriser,79865411220,test.chris.com,"this is test message ignore it.","2019-06-07 14:45:52","2019-06-07 14:45:52"
69,"social media application",Chris,chris@test.com,chriser,79865411220,test.chris.com,"this is test message ignore it.","2019-06-07 14:46:16","2019-06-07 14:46:16"
70,"social media application",Chris,chris@test.com,chriser,79865411220,test.chris.com,"this is test message ignore it.","2019-06-07 14:48:19","2019-06-07 14:48:19"
71,"social media application",Chris,chris@test.com,chriser,79865411220,test.chris.com,"this is test message ignore it.","2019-06-07 14:49:47","2019-06-07 14:49:47"
72,"social media application",Chris,chris@test.com,chriser,79865411220,test.chris.com,"this is test message ignore it.","2019-06-07 14:50:27","2019-06-07 14:50:27"
73,"social media application",Chris,chris@test.com,chriser,79865411220,test.chris.com,"this is test message ignore it.","2019-06-07 14:51:49","2019-06-07 14:51:49"
74,"social media application",Chris,chris@test.com,chriser,79865411220,test.chris.com,"this is test message ignore it.","2019-06-07 14:53:08","2019-06-07 14:53:08"
75,"social media application",Chris,chris@test.com,chriser,79865411220,test.chris.com,"this is test message ignore it.","2019-06-07 14:53:31","2019-06-07 14:53:31"
76,"social media application",Chris,chris@test.com,chriser,79865411220,test.chris.com,"this is test message ignore it.","2019-06-07 14:55:52","2019-06-07 14:55:52"
77,"social media application",Chris,chris@test.com,chriser,79865411220,test.chris.com,"this is test message ignore it.","2019-06-07 14:58:39","2019-06-07 14:58:39"
78,"social media application",Chris,chris@test.com,chriser,79865411220,test.chris.com,"this is test message ignore it.","2019-06-07 14:58:44","2019-06-07 14:58:44"
79,"social media application",Chris,chris@test.com,chriser,79865411220,test.chris.com,"this is test message ignore it.","2019-06-07 14:59:39","2019-06-07 14:59:39"
80,"social media application",Chris,chris@test.com,chriser,79865411220,test.chris.com,"this is test message ignore it.","2019-06-07 15:04:26","2019-06-07 15:04:26"
81,"social media application",Chris,chris@test.com,chriser,79865411220,test.chris.com,"this is test message ignore it.","2019-06-07 15:05:13","2019-06-07 15:05:13"
82,"social media application",Chris,chris@test.com,chriser,79865411220,test.chris.com,"this is test message ignore it.","2019-06-07 15:05:17","2019-06-07 15:05:17"
83,"social media application",Chris,chris@test.com,chriser,79865411220,test.chris.com,"this is test message ignore it.","2019-06-07 15:06:16","2019-06-07 15:06:16"
84,"social media application",Chris,chris@test.com,chriser,79865411220,test.chris.com,"this is test message ignore it.","2019-06-07 15:06:32","2019-06-07 15:06:32"
85,"social media application",Chris,chris@test.com,chriser,79865411220,test.chris.com,"this is test message ignore it.","2019-06-07 15:08:14","2019-06-07 15:08:14"
86,"social media application",Chris,chris@test.com,chriser,79865411220,test.chris.com,"this is test message ignore it.","2019-06-07 15:09:01","2019-06-07 15:09:01"
87,"social media application",Chris,chris@test.com,chriser,79865411220,test.chris.com,"this is test message ignore it.","2019-06-07 15:09:22","2019-06-07 15:09:22"
88,"social media application",Chris,chris@test.com,chriser,79865411220,test.chris.com,"this is test message ignore it.","2019-06-07 15:10:18","2019-06-07 15:10:18"
89,"social media application",Chris,chris@test.com,chriser,79865411220,test.chris.com,"this is test message ignore it.","2019-06-07 15:11:19","2019-06-07 15:11:19"
90,"social media application",Chris,chris@test.com,chriser,79865411220,test.chris.com,"this is test message ignore it.","2019-06-07 15:11:50","2019-06-07 15:11:50"
91,"social media application",Chris,chris@test.com,chriser,79865411220,test.chris.com,"this is test message ignore it.","2019-06-07 15:12:04","2019-06-07 15:12:04"
92,"social media application",Chris,chris@test.com,chriser,79865411220,test.chris.com,"this is test message ignore it.","2019-06-07 15:13:24","2019-06-07 15:13:24"
93,"social media application",Chris,chris@test.com,chriser,79865411220,test.chris.com,"this is test message ignore it.","2019-06-07 15:16:24","2019-06-07 15:16:24"
94,"responsive web design",testtss,avan.csolution@gmail.com,chriser,3474543107,sandjhsjkfl,"tetststhknkm askdjas d ","2019-06-07 15:18:37","2019-06-07 15:18:37"
95,"responsive web design",testtss,avan.csolution@gmail.com,chriser,3474543107,sandjhsjkfl,"tetststhknkm askdjas d ","2019-06-07 15:20:01","2019-06-07 15:20:01"
96,domains,"Test User",test@gmail.com,test,7896541230,yyy.com,"This is test message.","2019-06-15 17:56:55","2019-06-15 17:56:55"
97,"social media application",Jeena,jeena@webqom.com,Webqom,123,www.webqom.com,test,"2019-06-16 12:19:00","2019-06-16 12:19:00"
